,screen_name,desc_bot,Days
0,mcgucket_bot,1,538
1,BowieK66,0,25
2,ducknoteprice,0,956
3,robotrecipes,1,678
4,everyumlaut,1,686
5,glossatory,1,332
6,Fancypants6047,0,85
7,Hedgehogize,0,1010
8,jamieph93986621,0,48
9,NothemDonella,0,71
10,pony_strategies,0,1229
11,imgconvos,0,872
12,StobbeKindra,0,66
13,cgagraphics,0,1046
14,ngthaohuong97,0,473
15,m_h_nishimura,0,27
16,TheYearofLuigi,0,1333
17,litpatches_txt,1,669
18,everysimile,1,1036
19,J_C_Christensen,0,27
20,lenirvana666,0,1718
21,DrPhilRx,0,994
22,DivinaCooperi,0,431
23,libraryofemoji,0,1022
24,wrap_papers,0,2508
25,BloombrgNewsish,0,1749
26,OliverBarkBark,0,653
27,jargotron,0,1236
28,Games4Grownups,0,1216
29,Lowpolybot,1,883
30,2blessed_exe,0,365
31,poem_exe,1,1022
32,HigherEdSurge,0,436
33,GUNNERCARTERXX,0,131
34,myah581,0,830
35,starnearyou,1,878
36,wayback_exe,1,561
37,wutahiq19,0,131
38,OldLSystemBot,0,62
39,low_battery_tho,0,904
40,yeahashleyrober,0,75
41,WonderWoman0716,0,27
42,faq_walkthrough,0,1229
43,AutoNetflix,0,901
44,FeinmanAltha,0,45
45,VoynichTechNews,0,1287
46,xx5sosvines01,0,280
47,throam_bot,0,376
48,NMBPoGoAlert,0,222
49,ButtlawMcButt,0,1121
50,GilgameshTweets,0,154
51,dronesweetie,0,708
52,PenryParmelee,0,145
53,altagraciao86,0,433
54,bookonbalcony,0,330
55,SuperbOwl3000,0,1241
56,ARealRiver,0,920
57,tiny_astro_naut,0,959
58,ceubehen,0,71
59,ljw269,0,61
60,armspirits,0,651
61,marcelinep16,0,430
62,epigen_papers,0,1047
63,tardygram,0,621
64,SharksOnCouches,0,2078
65,LucileRobertsa,0,131
66,SylverBot,0,1640
67,adventvrecall,0,978
68,greatartbot,0,1229
69,dtufreak,0,1295
70,patrinafbryantz,0,132
71,bot_things,0,1029
72,MuzeumBot,0,1042
73,fantasy_florist,0,945
74,hypoxiapapers,0,991
75,MysteriousW0rld,0,25
76,netflixtaglines,1,1075
77,MythologyBot,1,880
78,THMarcella,0,943
79,themetgallery,1,55
80,FFD8FFDB,0,868
81,DuniaOnePiece,0,1424
82,wz77,0,1258
83,scell_papers,1,766
84,WizardGenerator,0,364
85,bouquetbot,0,785
86,astronaut_bot,1,155
87,censusAmericans,0,663
88,tibbits_marcus,0,27
89,3461holley,0,221
90,isu_bot2_fs,1,2407
91,HaikuMurakami,0,708
92,Clippy_exe,0,297
93,fullmetaliberty,0,869
94,cancerSL,0,1136
95,phylogeo_papers,0,1138
96,asdfghjkl0l2,0,2003
97,sexyeveryword,0,930
98,hortensiadicke3,0,143
99,Sexkitten0422,0,1058
100,kanyejordan,0,2386
101,someboxes,0,460
102,mahireyvazov,0,1542
103,mlegoudes262,0,2312
104,1lovetakes2,0,2467
105,coolbot420,1,930
106,topbiopapers,0,2061
107,STaafunnyx,0,431
108,bionet_papers,0,1124
109,pizzaclones,1,1264
110,DistractedGenie,1,1063
111,space_stories,1,647
112,CantorLogical,0,1134
113,sg_ebooks,0,1011
114,scientificpaper,0,1104
115,biorxiv_genomic,0,291
116,scdicaprio,0,313
117,allemptysets,0,1104
118,thedismalblog,0,46
119,ahouseofdust,0,512
120,NY_Now,0,2713
121,_LostBuoy_,0,1261
122,spear_one,0,1820
123,kordeidangerouz,0,582
124,andrewhuangbot,1,190
125,AllTheCheeses,0,2878
126,fly_papers,1,1505
127,Suarez06356267,0,27
128,Eyescaler,0,1094
129,soeqaib,0,161
130,AllOilPainting,0,2874
131,SmoothUnicode,0,1287
132,charand522,0,27
133,CultEvoBot,0,1274
134,SAmallenxx18,0,432
135,beiwiqe25,0,106
136,helpmeetgoal,0,777
137,chinesphere,0,260
138,xbangtan1,0,276
139,eachtown,0,1296
140,NixieBot,0,699
141,Zzt_ebooks,0,1323
142,angelia_irr,0,52
143,NaiveAnswers,0,1002
144,biofilmPapers,0,825
145,baeksehuniie,0,393
146,TwoHeadlines,0,1320
147,sponge_papers,0,941
148,CitiBikeDocks,0,602
149,likeuberbut,0,791
150,beefl96,0,71
151,GoogleFacts,0,1813
152,vox_ebooks,0,977
153,synbio_papers,0,768
154,nice_tips_bot,1,898
155,quantifiedinky,0,998
156,ididmorepushups,0,816
157,assignments_txt,1,997
158,TwitterMovies,0,1942
159,lixoxept96,0,160
160,BotMtGFlavor,0,1211
161,DSWalsh6,0,125
162,XsGonnaX,0,1234
163,Fact,0,3665
164,reverseocr,1,979
165,anamariaq27,0,71
166,litoraptor,0,2196
167,colorschemez,1,771
168,startup_o_matic,1,152
169,Joey_Cartero,0,828
170,1pRsHsia8WbmoD7,0,219
171,menubot,0,524
172,BioCodePapers,1,792
173,gorillacities,0,1004
174,SydneyPogoMap,0,88
175,JpTeixeira01,0,1581
176,CRISPR_papers,1,947
177,SluttySara,0,2619
178,suavkog95,0,828
179,rosalinemckeit4,0,27
180,eatdicks4health,0,27
181,TrevisanOlympia,0,50
182,ProtasMerrill,0,188
183,not_a_cop_bot,0,682
184,FollowNoire,0,59
185,MltplSclppr,0,693
186,theDesireBot,0,812
187,VillanelleBot,0,614
188,USPRI,0,2354
189,ideabot,0,1107
190,BadArtThief,0,1022
191,fuckingbard,1,743
192,pixelsorter,0,940
193,ThreeCourseMeal,0,1233
194,Keifer67684948,0,27
195,artassignbot,0,1264
196,botsummittalks,0,880
197,ZinaJ26,0,75
198,zopuolond93,0,193
199,eAgreeTeam,0,944
200,EnjoyTheFilm,0,1834
201,_DJ_3000_,0,157
202,sunsetonari,0,291
203,infinitedeserts,1,683
204,jonttxoxoa,0,160
205,emojidreams,0,1007
206,CutePetsDenver,0,1134
207,porcadapalabra,0,1041
208,MelPogoMap,0,86
209,SimGenerator,0,1186
210,suaj30,0,131
211,YouAreCarrying,0,1017
212,Hollon1120,0,142
213,zackeryssuperz,0,131
214,RNAi_papers,1,874
215,mrsfishsfunkys,0,1998
216,LilSpellbook,0,696
217,theIntialCommit,0,152
218,brainchatbot,1,1229
219,henrysalomonlo1,0,191
220,RealHumanPraise,0,1258
221,CarminaO29,0,827
222,oiltrading_blog,0,109
223,rireljbeq,1,910
224,lepage155,0,27
225,_OutToSea_,0,53
226,freefollow20071,0,966
227,sitcom_o_matic,1,157
228,SortingBot,1,736
229,zorinlynx,0,3217
230,TurnsOutBot,0,707
231,randomRTBot,0,2906
232,ca_props_exe,1,151
233,JackTheAts,0,25
234,notallbots,0,1095
235,solidstateNMR,0,2269
236,Abbeyafb2017,0,27
237,PmapAarhus,0,113
238,NutcrackerRedux,0,1216
239,MindaHjello19,0,828
240,plzasm,0,1178
241,randomchordbot,1,1278
242,RylGme,0,828
243,SendNudes1099,0,27
244,ANH_Papers,0,942
245,PatriciaPlake,0,742
246,wildflowersbot,1,197
247,bobbysmith1189,0,50
248,king_chrisg10,0,111
249,TodayFinally,0,922
250,NarutoFans_Indo,0,1588
251,everysnake,0,1028
252,SlideSource,0,946
253,thinkpiecebot,1,594
254,5hmC_papers,0,911
255,botswifty,0,1076
256,PleaseRapAbout,1,874
257,scaevans25,0,78
258,thewaybot,0,1256
259,FalseFlagBot_,0,1277
260,AusGLAMBlogs,0,637
261,PlayLightsOut,0,1257
262,PubSnips,0,879
263,WhatTheFare,0,616
264,JEL_O_bot,1,1163
265,bioinfo_papers,0,1012
266,5oclockbot,0,1236
267,Circaenergy,0,651
268,HPricea93,0,131
269,nievesgilbert11,0,48
270,tyylleerrjjjjo,0,239
271,iaminigomontoya,0,2733
272,wikisext,0,998
273,everyadage,1,1035
274,youareherebot,0,700
275,blank_was_blank,1,1036
276,INTERESTING_JPG,0,1227
277,hotsootuff_bot,0,2215
278,franklin_pmiami,0,71
279,4myrealfriends,1,1143
280,wearable_things,0,1038
281,WeirdConvoBot,1,797
282,GameDesign101,0,1189
283,cummingforlrh,0,600
284,ReligiousRumors,0,1168
285,ceback84,0,430
286,lists_of_lists,0,247
287,hollowking360,0,638
288,RosesAreRedBot,1,245
289,1995Internet,0,951
290,everypunk,0,1039
291,sleeps_xmas,0,157
292,angelikaparnell,0,1476
293,MythologyButt,1,880
294,worstvsworst,0,885
295,wizarding_names,1,177
296,oldschoolflyers,1,746
297,StarttCallaghan,0,63
298,TXTADVNT_EXE,1,1010
299,mutilda,0,2925
300,Raffaelo14,0,27
301,drow_yreve,0,1020
302,CompBiolPapers,0,1135
303,NetflixSoundFX,0,1120
304,NYPLphotobot,1,457
305,a_xing_ebooks,1,782
306,microRNA_papers,1,942
307,ItCantFail,0,1199
308,100yearsrising,0,990
309,dnstats_agora,0,782
310,haikuthegibson,0,556
311,pearwin96,0,196
312,hapaxhegemon,0,1195
313,AnnaLoz42522982,0,27
314,westlife1219,0,1498
315,othello3579,0,2146
316,botarchaeo,1,1138
317,mjvocals,0,428
318,mekhislo,0,163
319,faapaednt24,0,160
320,WUedsefnd25,0,73
321,sextmanteau_bot,1,960
322,corporabrackets,0,430
323,PokeAlertMalmo,0,253
324,WrongRobot,1,957
325,CloudyConway,0,702
326,CyberEveryword,0,973
327,shea_leesa,0,30
328,nostrich_ebooks,0,1282
329,RenPeralta23,0,651
330,_The_Thief,1,1007
331,botanicalls,0,3327
332,NicenessBot,0,512
333,itsthisyear,1,1120
334,LettsScience,0,1788
335,AkashLahuKale7,0,342
336,MusicReviewBot,0,866
337,botALLY,0,1388
338,Opportunitweets,0,2964
339,BecauseBot,1,1235
340,scheideggermaia,0,966
341,thedreamstream,0,2842
342,_primes_,0,1288
343,ShakirVip,0,27
344,storum_alona,0,27
345,yannalynn29,0,68
346,TwoJournalists,0,788
347,DrAngryBot,1,683
348,howxisthatybot,0,1019
349,nz_quake,0,2968
350,OwenPallettSwap,0,145
351,mental_floss,0,2985
352,lawandorderexo,0,1262
353,ChIP_seq,0,912
354,LegoSpaceBot,0,877
355,judgxx,0,828
356,muejiiz1991,0,71
357,dwightmitchellz,0,131
358,exoslash,0,1277
359,trendagainst,0,1245
360,RestroomGender,1,651
361,jansfarmera,0,71
362,laobadengni,0,30
363,Gravity_Ireland,0,530
364,HEoxt25,0,176
365,EquestrianBot,0,1693
366,NailbiterBot,0,1115
367,edrad90,0,133
368,fluffmaster7000,0,79
369,TinyCrossword,1,894
370,businessman_exe,1,1027
371,supervocalic,0,1072
372,BioinformaticsP,0,1131
373,AvengerEngineer,0,721
374,flippedconcept,0,1189
375,rulesofcards,1,972
376,TransxnNoiseBot,0,776
377,future_junk,1,668
378,JusticeUmoren,0,25
379,follow3dcliff,0,267
380,johnettaj26,0,160
381,metagenomics,0,2431
382,choochoobot,0,393
383,mdmorrisx84,0,133
384,goldenratiobot,1,219
385,ionxhsuper,0,828
386,sRNAPapers,0,801
387,winter_py,0,1002
388,saikoa0709,0,1144
389,BMPBug,0,858
390,NeuroGen_papers,1,944
391,statementartist,0,1225
392,pooledseq,0,991
393,lesliehandsome,0,2173
394,RedScareBot,0,2782
395,AnimalVidBot,1,605
396,classifybot,0,451
397,fontcriticbot,1,645
398,QIMRBergh_pubs,0,2273
399,swimwear_,0,30
400,TC_papers,0,947
401,Inspire_Us,0,2560
402,LatinaEisenhow1,0,125
403,joaxt1985,0,432
404,RemarqueNYU,0,33
405,HanuAcademy,0,127
406,swear_bot,1,2873
407,GIFsofWikipedia,0,649
408,RoboRosewater,0,666
409,MacyJordan4,0,27
410,Slam140,1,671
411,ColorADayBot,0,1288
412,Indie_Dev_Bot,1,497
413,donniensdroopyi,0,133
414,aDNA_papers,0,1129
415,CointraqBot,0,1138
416,_posibot,0,183
417,Larissa_W28,0,211
418,LifehackLifehax,1,1306
419,InstrumentBot,0,385
420,DifferenceJoke,0,774
421,acrotowne,0,832
422,raviraju88,0,2717
423,AddAWordBot,0,1281
424,vike29,0,202
425,GraphicScoreBot,0,448
426,johnhall,0,2010
427,OMG_wikipedia,0,724
428,flahertymiragl2,0,50
429,SherriLucio,0,134
430,abotcalledquest,0,1078
431,metaphorminute,0,1794
432,aportraitofthe,1,1211
433,Na1U1AX56WrkBSc,0,62
434,LevelMccune,0,189
435,Tanya2558,0,66
436,zionb22,0,129
437,JEveryword,0,1036
438,PedanticMagick,0,1181
439,janicerogersz,0,75
440,emojidoll,0,1004
441,blahfuture,0,875
442,mnemosynetron,0,1003
443,cyclicdigmp,0,824
444,bangbangari9,0,328
445,Billy_W83,0,828
446,qaefr83,0,828
447,60008d2f8baa4d9,0,833
448,likesfrombutera,0,315
449,Acrostician,1,1057
450,forgetmebot,0,1233
451,yes_ofc,0,1001
452,botsburgers,1,361
453,maryland_vernon,0,188
454,coopaula_reedxx,0,102
455,justdidathing,0,681
456,realdinogenera,0,839
457,letsgovelo,0,425
458,HottestStartups,1,813
459,sabo_sabo21,0,27
460,foodie_dems,1,430
461,spiraesthetic,1,377
462,deandeandremwri,0,429
463,Rachelyxxxx,0,68
464,AnaiaaYh92naj,0,832
465,Georgia98208,0,1706
466,fantasticColinf,0,828
467,theveryword,0,1035
468,NerdGarbageBot,1,455
469,RamboRushes,0,27
470,jHYtseBot,1,2422
471,apparent_things,0,1056
472,Unicode_ebooks,0,1291
473,biorxiv_ecology,0,283
474,GenreMasher,1,606
475,auto_automata,0,630
476,fuckeveryword,0,1058
477,VerifiedBioBot,1,903
478,ImportantAnimal,0,909
479,AU_Prompts,0,1221
480,makarovwhc1994,0,95
481,butwithguns,1,377
482,cookeryBliss,0,907
483,man_products,1,696
484,adjectives_bot,1,36
485,vitamin_A_paper,0,565
486,realNYCbot,1,490
487,zguo0115_USyd,0,27
488,lettergamebot,0,393
489,Immunol_papers,0,947
490,jam_allenxx,0,160
491,Mzredd2K16,0,370
492,koiseujn20,0,828
493,ahmedmobarkqw,0,785
494,YoJSRr9J58SE6Zz,0,28
495,IMG2ASCII,1,871
496,genomeguardian,1,921
497,mcleanaitenbic2,0,59
498,FailureIsOK,0,151
499,pokemon_sokuho,0,245
500,IT_papers,1,1138
501,JadenLuAJ,0,65
502,the_ephemerides,0,614
503,Dentagama,0,1444
504,NRPS_papers,1,928
505,spellwithout,0,925
506,EdTaters,0,1288
507,ghost_things,0,1175
508,SilviaCeausu,0,581
509,lois_caskey,0,27
510,wadinfo_txt,0,1098
511,amiibo_oracle,1,1191
512,taizeutl1995,0,223
513,PROGRAMR_BAT,1,993
514,ebooks_goetia,0,472
515,SRMicro_papers,1,1130
516,BenghaziWord,0,997
517,Janalamar35,0,372
518,manygardens,1,685
519,viralhulk,0,798
520,hold_thepresses,0,2281
521,racismdetector,0,946
522,sailorclones,1,1100
523,colombia_bot,0,857
524,ebo_hayes,0,828
525,jrr9bNVRCcUXfa1,0,160
526,lava_mite,0,1153
527,WWE_Network_Bot,1,1027
528,ROBODRUDGE,1,1077
529,infinite_scream,0,542
530,TF_binding_bot,1,223
531,EMR_research,0,1138
532,wikishoutouts,0,662
533,Exome_seq,0,912
534,rrsarq,0,2961
535,b2a6813979744ac,0,833
536,Ferguson2426,0,188
537,keci256,0,97
538,drake_schanae,0,90
539,guijaoml,0,432
540,theseraps,0,913
541,FordPinesBot,1,528
542,untag_me,0,970
543,magicpixx,0,1234
544,alertmessages,0,2385
545,stevinbeijing,0,30
546,kaylawillis258,0,29
547,GRahamwbeeey,0,71
548,HeroGraveyard,1,152
549,big_ben_clock,0,2717
550,ismail_abaid,0,290
551,Tink0074,0,2775
552,Taimanglo2526,0,68
553,WYR_bot,0,301
554,GregorybBcreati,0,433
555,benjamin_ha2005,0,112
556,_ku_bot,1,125
557,YouLookNiceBot,1,658
558,hotspot_papers,0,1137
559,Exosaurs,0,1287
560,muahaha_bot,0,1160
561,AnoncoinPrice,0,918
562,nope_nooope,0,312
563,mrwrongbot,0,931
564,MassBudgetBot,0,591
565,biorxiv_cancer,0,281
566,yosefo25,0,430
567,Adamhuzz,0,1231
568,abretonoa,0,460
569,LACMAbot,0,223
570,SubbaEric,0,598
571,FuckYeahIrony,0,1506
572,JackMax002,0,25
573,cash_jobs_hope,0,846
574,LeannArtz,0,74
575,AutoFollowPeeps,0,1723
576,GodeauCottongim,0,69
577,DungeonCrawlr,0,822
578,SciTechRangers,0,2813
579,dogbreedbot,0,87
580,555uhz,0,1171
581,moonshotbot,1,553
582,YourADickRD,0,1141
583,Aerie,0,2926
584,FavThingsBot,0,1344
585,nondenotative,0,756
586,ErinChL,0,350
587,avadim11,0,1655
588,evanescence_exe,1,62
589,ShropshirePulse,0,772
590,GlitchLogos,1,400
591,MoMARobot,0,936
592,netflix_bot,1,1507
593,LandsatBot,1,700
594,meiosis_papers,0,1136
595,emojiidioms_txt,0,653
596,gokejian,0,305
597,akramEldesouky,0,2243
598,HundredZeros,0,1808
599,hartman_rob,0,1906
600,Botstache,0,1145
601,Rajesh37123986,0,28
602,GrinchPhonebook,0,740
603,regulon_papers,1,618
604,MIikoeml,0,193
605,cellendipity,0,287
606,earthquakeBot,1,2584
607,PlantEcologyBot,0,1377
608,skyree_21,0,120
609,dungeon_junk,1,677
610,Chevyluvr97,0,25
611,only_a_comment,0,1301
612,a10n_bot,0,141
613,WiseWrestlers,1,1096
614,CODEC_BOT,0,656
615,ryrykpop966,0,333
616,ArxivBot,0,526
617,Juaanda_SA,0,1810
618,G33k3rGeek,0,1242
619,modofanpage,0,1801
620,M_Richardsonzz,0,102
621,emily_testbot,0,772
622,opus_exe,0,1001
623,botmistress,0,716
624,xxarchive,0,468
625,GameCritBot,0,1340
626,Attack_On_Tita4,0,1109
627,WhatsOnSteam,0,296
628,max_kompressor,0,682
629,airport_exe,0,1014
630,VEGFRSSfeeds,0,2707
631,two_artists,0,858
632,PoGoCV,0,92
633,AgusBJ_GD,0,129
634,worm_papers,1,1125
635,NYPLpostcards,1,457
636,tldr_bot,0,975
637,badjokebot,1,1121
638,MakeAGifOf,0,1271
639,dariusbots,1,1135
640,onlineadvantag,0,80
641,everybird_,0,1023
642,Betelgeuse_3,0,2701
643,ceasedesistbot,0,702
644,V_and_A_Bot,0,879
645,pomological,1,691
646,FridayFridayBot,0,1338
647,RNA_seq,0,912
648,endingsummary,0,1049
649,hewenqiseven,0,29
650,zzbrittenybcraz,0,160
651,TheLegion24,0,70
652,holidaybot4000,0,632
653,GestaltungBot,1,697
654,big_cases,0,64
655,BestOfTheBots,0,1233
656,unchartedatlas,1,410
657,zoegoko25,0,129
658,ReadLaterBot,1,489
659,SketchCharacter,1,1048
660,binsumi,0,3053
661,Every_User_,0,849
662,DefiniteJoke,0,1014
663,knock2bot,1,775
664,WeBustedGhosts,0,797
665,IAM_SHAKESPEARE,0,2799
666,BrunoTSaraiva,0,172
667,TheAlotShepherd,0,634
668,xiehl16,0,193
669,fRIEND_ASKING,0,781
670,tomas_Sabo_,0,104
671,EctoHime,0,1514
672,emoji_haiku,1,628
673,very_scared,0,1212
674,contrarybot,1,680
675,LokkenGeorgie,0,71
676,iknowwwright,0,931
677,JlacyPeteswife,0,420
678,biorxiv_genetic,0,283
679,ctelyricsbot,1,298
680,neverwords,0,1046
681,JC_pathogenomic,0,837
682,Shadow_Bot_PKMN,1,1595
683,liketocontinue,0,507
684,mdurkinlv,0,679
685,thomp27,0,2931
686,rm_everyfile,1,324
687,clubstatuses,0,778
688,StckMrktStatus,0,1087
689,godtributes,0,1029
690,JPGglitchbot,1,873
691,dungeon_bot,0,1211
692,everyhaiku,1,881
693,MakingInvisible,1,410
694,PARANOIABOT,0,1192
695,Delee1087,0,45
696,nohemigbeei,0,828
697,VitaminNext,0,130
698,pikachaplin,1,381
699,Chell56704574,0,475
700,Two_Headed_Coin,0,156
701,ATArchiveBot,0,1174
702,JohnKorosec1,0,157
703,msturgeo1,0,416
704,HorizHealthShop,0,1567
705,EvoBehGe_papers,1,935
706,vipeeri,0,2831
707,desires_exe,1,780
708,qutont16,0,431
709,KennethTillma13,0,594
710,ziallarry_lilo,0,1702
711,FelicaBdesigner,0,280
712,Favstar_Bot,0,2630
713,NYT4thDownBot,0,1265
714,acrostik,0,1035
715,gachfocal,1,1008
716,Yoda_Bot,1,2424
717,MuseumBot,1,1054
718,nguyent69899248,0,25
719,wynellbrownz,0,201
720,abotthat,1,569
721,LSystemBot,0,991
722,botsrcool,1,1101
723,Marygarcia207,0,27
724,hplabs,0,527
725,cant_miss_it,0,702
726,twinsmodel,0,793
727,AwlTags,0,1285
728,zeiseema,0,1050
729,belsfreefollow,0,770
730,xzavierm18,0,211
731,RiyazBedrekar,0,28
732,baunvez28,0,71
733,ellygdesign,0,71
734,BrianIsNotABot,0,903
735,which_one_bot,1,438
736,metal_or_magic,1,696
737,hotter_exe,0,696
738,JasminPCv,0,303
739,zujiaaz17,0,828
740,mhzhai,0,2438
741,500dollarwords,0,146
742,N_ChuiYing,0,27
743,Rom_Adamsxx,0,828
744,FintechBot,1,2970
745,AutoCharts,1,1105
746,TCmiamey,0,274
747,OrangeYoshiOne,0,1022
748,BitcoinSpreads,0,1203
749,action_inaction,0,653
750,wucooagl,0,431
751,VeryOldTweets,1,872
752,whistleboca,0,763
753,mixed_reactions,0,396
754,MakeUSABotAgain,1,432
755,fruitWormPapers,0,886
756,g_emiamiz,0,102
757,masjones28,0,71
758,sugar_zine,0,27
759,asthma_papers,0,1135
760,PopMa98,0,30
761,monfactory_bot,0,254
762,MarlaQ93,0,828
763,boy2bot,0,562
764,BEd_UOIT,0,688
765,trutherbotpink,0,649
766,okcubot,0,331
767,JustDiedBot,0,1136
768,rrpxpqtlvrdpryO,0,266
769,one_piece_meige,0,2291
770,tiny_nutrition,0,153
771,GamesMemes,0,812
772,thesefutures,0,526
773,PlantBiologyNSP,1,2573
774,MattSwulinski,0,67
775,ohxeimoo,0,1054
776,YesYoureRacist,0,1648
777,SharenowEmord,0,58
778,GenerateACat,0,1052
779,BTCMaster,0,2534
780,nycpokemap,0,187
781,gameideamachine,1,1284
782,qoihaaqnd83,0,1560
783,LCorduleRealtor,0,886
784,POGOSouthCoast,0,202
785,maurita_super,0,75
786,Schnyder2885,0,188
787,TheSiliconHill,0,720
788,soft_focuses,0,576
789,Nathan60899955,0,95
790,postcards_past,1,414
791,zainulk87368485,0,27
792,wordassocbot,0,1023
793,ClickerMaker,0,1177
794,Taz_Aadam,0,25
795,DannyDevitoBot,0,870
796,TaylorMichaell,0,27
797,mfw_sh,0,372
798,loritas16,0,133
799,koreygonzalezi8,0,1559
800,robotuaries,0,1280
801,AJchica84,0,133
802,Joyce_Ross86,0,828
803,RunnersKaskus,0,1673
804,traedwardsx,0,163
805,newmantras,1,1015
806,ERIKSGT,0,1306
807,phagepapers,1,914
808,TravelTacticsUK,0,45
809,dscovr_epic,1,535
810,SaveHumanities,0,1218
811,BLjellox,0,71
812,IrlbeckFleming,0,51
813,botsplain,0,606
814,CandisAide,0,129
815,lilboysivan,0,258
816,everycanontroll,1,1036
817,custom_ms,0,947
818,sweetgirl4355,0,446
819,Botston,0,650
820,thematchbot,0,1029
821,brayanh27,0,827
822,AppreciationBot,0,1054
823,Naruto__bot,0,2645
824,XOahoveck,0,828
825,SoniaSlunaker,0,64
826,thegrugq_ebooks,0,1069
827,KellyKasula,0,88
828,plot_o_matic,0,147
829,IndyPokeAlertNE,0,141
830,everysplain,0,830
831,PRAYSSURANDO,0,728
832,AZRERockStar,0,2088
833,everyword,0,3417
834,uncle_nintendo,0,1101
835,ASplant_papers,0,937
836,quest_glitches,0,637
837,jalpmiam,0,113
838,botlang,0,1028
839,EldqAdamsi,0,212
840,cohesin_papers,0,1052
841,thenewharperlee,0,670
842,EffDonaldTrump,0,149
843,BabellingBorges,0,1259
844,oneiropoiesis,0,1190
845,dumpmon,1,1498
846,Germanwordfor,0,1227
847,we_didnt_start,1,526
848,FEveryStartup,0,675
849,_smile_bot_,1,933
850,Nematode_papers,1,872
851,mitosis_papers,0,1130
852,Deer_ebooks,1,907
853,transcriptomes,0,799
854,evryshadeofgray,1,862
855,J_D_Landis,0,1704
856,TheChocolateMoo,0,1733
857,landscapesorter,1,154
858,paulenec22,0,828
859,3D_Genome,1,1138
860,botacokewith,0,320
861,ml_applications,0,750
862,goevtal,0,432
863,TheHackerBOT,0,345
864,badboy_11122,0,365
865,UfklBot,0,513
866,PoGoSanteeCA,0,58
867,journeybot,1,623
868,tozid16,0,237
869,tennerKymberly_,0,429
870,Psykokwak_fr,0,956
871,botathon,0,606
872,countdown_omen,0,1294
873,loveastrologers,0,1346
874,jacobletsplay,0,246
875,everywordisgay,0,1031
876,HAL_4500,1,154
877,Yolowbot,0,889
878,vikram_ghanote,0,786
879,ANamariao89,0,187
880,TheBotOfMormon,0,1207
881,NotXbut,0,991
882,cleoraobnowx,0,167
883,received_wisdom,0,933
884,portmanteau_bot,0,1149
885,WinnifredCouret,0,74
886,PYRAMID_CEO,0,997
887,medrobot,1,690
888,EveryBookBot,1,957
889,colsci_papers,0,1138
890,khalilecrazy,0,827
891,BioinfoPapers,0,1030
892,PhilaMuseumBot,1,937
893,JaveriyaShaikh4,0,27
894,TOisiosr1989,0,71
895,everycurd,0,953
896,techiecorner,0,132
897,swisnf,0,351
898,PassportReviews,0,93
899,KashubaEsposito,0,67
900,Iraqiboy313,0,65
901,VanityScience,0,1203
902,ILYguyss,0,767
903,ribosome_papers,0,938
904,CrashBurnRepeat,0,44
905,Businewss_Bot,0,933
906,UshaLzz,0,431
907,MiraculousPics,1,1102
908,biorxiv_neursci,0,283
909,DeepdreamBot,0,643
910,bbbbbbbbbbbaka,0,216
911,Imtheotherok2,0,783
912,biorxiv_pubd,0,257
913,BioPapers,0,2555
914,AndNowImagine,1,1231
915,PrinceOfAllBots,0,1310
916,autotweetbots,0,282
917,zou_wan,0,56
918,LOilepind,0,176
919,siexaij95,0,194
920,IShotTheX,0,875
921,SGPokemon,0,260
922,merrey90,0,223
923,___said,0,908
924,ELialexanderey,0,106
925,EveryFinnishNo,1,906
926,emilyvanderbot,0,380
927,chrturner22,0,176
928,neuralgae,1,498
929,crossddestinies,1,919
930,holdon_magnolia,1,102
931,HatawayDavies,0,60
932,cichlid_papers,1,933
933,NeverGiveUp_EN,1,1011
934,congressedits,1,1005
935,X_of_Y,0,1125
936,Bot_of_Jonathan,0,1561
937,celand82,0,71
938,BrainDev_Papers,1,941
939,biorxiv_sysbio,0,283
940,CancerPapers,0,663
941,SaintSeiya4Ever,0,2080
942,ComicSansWords,0,973
943,bizedav25,0,405
944,Tatiannajakayl1,0,27
945,lao232,0,1294
946,AwesomeJalapeno,0,25
947,eventuallybot,1,916
948,CambsPokeAlert,0,230
949,HOzaara22,0,429
950,overwatch_exe,1,308
951,wisdom_exe,1,238
952,loops_enhancers,0,820
953,BestOfRHP,0,1250
954,lazont26,0,828
955,GameOfLifeBot,1,905
956,softlandscapes,0,407
957,DigitalSkyz,0,523
958,a_quilt_bot,0,943
959,BrandLover7,0,1095
960,sextexchange,0,1162
961,PERMUTANT,0,1170
962,gritty_rebot,1,1028
963,modernart_exe,0,580
964,ZEazr1987,0,432
965,alt_text_bot,0,723
966,TE_papers,1,1124
967,TheCitizenKanes,0,1319
968,zaynecgray83,0,436
969,zozioevd,0,106
970,NaiveQuestions,0,1005
971,madamezolbot,0,1227
972,JohnOliverBot,0,590
973,pipika_bot,1,2292
974,ComicBookTalks,0,2402
975,tinydnd,0,567
976,NatureArticles,0,1503
977,tahjaylee,0,52
978,bxv_cell,0,315
979,jajlang,0,646
980,BoatNameBot,1,1107
981,debbyr83,0,431
982,cat_namer,0,151
983,bexley2222,0,475
984,Goombot,0,1183
985,garbageemoji,0,873
986,ShamielAlli,0,27
987,JustToSayBot,0,1365
988,biorxiv_cellbio,0,281
989,Graceful_Dolans,0,305
990,kazi_quaide,0,34
991,EveryGem,0,1036
992,yayfrens,0,803
993,dix6482,0,1020
994,yeahcolton_smit,0,71
995,kathking2017,0,25
996,AestheticDril,0,380
997,bxv_biochem,0,316
998,MobilityErnest,0,1637
999,AndromedaBot,1,809
1000,TheRiddlerBot,0,816
1001,TINYiPhone,0,1908
1002,everysword,0,620
1003,metagenomic_lit,1,943
1004,freezeframebot,1,146
1005,Symbiosispapers,0,1047
1006,cihpom,0,465
1007,AllTheLanguages,0,1075
1008,HellDudeREAL,0,1823
1009,SueCoyle14,0,27
1010,EcoLog_L,0,1411
1011,LinkRelations,0,1126
1012,biorxiv_bioinfo,0,283
1013,ICYMI,0,1223
1014,factretriever,0,2829
1015,GodbyJean,0,1053
1016,KareninaClones,1,997
1017,zuudveh,0,78
1018,litscraper,0,947
1019,_blackobs,0,445
1020,NDM_Papers,0,947
1021,AnayaJarrett,0,922
1022,edgetics_papers,0,776
1023,everyailment,1,551
1024,ExtinctCatalog,0,841
1025,GenerateAFace,0,1061
1026,penguinandhouse,0,1006
1027,badpng,1,949
1028,MIreilled28,0,433
1029,NAS6222,0,253
1030,GWAS_lit,0,641
1031,heyheyhayleighh,0,47
1032,SteemCodes,0,1190
1033,HendersonPkmon,0,67
1034,MenDoing,1,920
1035,wendyc_bot,1,526
1036,IndyPokeAlertDT,0,146
1037,letsplaysnake,0,454
1038,NoellaKarlson,0,54
1039,FtWorthPokes,0,80
1040,ishnobop,0,28
1041,arpeggio_bot,0,203
1042,IanMaksin,0,2337
1043,imgshredder,0,867
1044,darndesttruisms,1,256
1045,emojitoemoji,1,683
1046,gridgenerator,1,291
1047,moltar_ebooks,0,1011
1048,DCell_papers,0,1122
1049,A20989664A,0,105
1050,aaroncarter,0,2907
1051,michellebranch,0,3662
1052,stronginmyfaith,0,2826
1053,Jessicaveronica,0,2930
1054,resargento,0,1821
1055,crazyl1f,0,557
1056,TaniasimonTania,0,1389
1057,YCPRProf,0,1478
1058,bandofhorses,0,2986
1059,sparker,0,2025
1060,gitamonte,0,565
1061,junecohen,0,3260
1062,larryellison,0,1773
1063,PleasureEllis,0,3229
1064,Carl_C_Icahn,0,1388
1065,LillianSaysSo,0,2956
1066,SaraRoMenen,0,1409
1067,Readygov,0,3145
1068,50cent,0,3033
1069,WonderboyMMA,0,2019
1070,NASA,0,3398
1071,iPoonampandey,0,2258
1072,Andrewdiazgonz1,0,458
1073,Defendant_SBS,0,143
1074,Mah_Sebinelli,0,2837
1075,kaliedascope786,0,2296
1076,kramergirl,0,2947
1077,Alyssa_Milano,0,2935
1078,RobertVinluan,0,1914
1079,Oprah,0,2997
1080,ImRo45,0,2588
1081,CP3,0,2834
1082,BryanCranston,0,2742
1083,davidmfoley,0,3275
1084,davidgross_man,0,2279
1085,KenJennings,0,2285
1086,JoeTrippi,0,3565
1087,AndreaUrbanPhD,0,1668
1088,official_barak,0,836
1089,KnowledgeAli,0,32
1090,happjon1,0,3034
1091,CalderBecs,0,267
1092,ihansika,0,2801
1093,PerkinsEastman,0,2899
1094,harryRpotter,0,2239
1095,Ginuwine,0,2926
1096,ReadtoGrowCT,0,1593
1097,hehaiwu,0,2822
1098,scottzabielski,0,3306
1099,_AmandaGondo,0,1914
1100,AMCOUNTRYCNTWN,0,2919
1101,TimWestwood,0,3043
1102,SportsNStuff333,0,1030
1103,apioth10,0,1075
1104,SteveMartinToGo,0,3246
1105,DJDRAMA,0,2993
1106,jooycegoomes,0,2370
1107,CrescentWrench,0,2812
1108,vitormartinez,0,2783
1109,ICBCArgentina,0,2439
1110,movienasha,0,549
1111,_Jehmg,0,2230
1112,StephenAmell,0,2072
1113,SomethingToBurn,0,2921
1114,Isadora_Romera,0,1285
1115,makerbot,0,2963
1116,nivieira,0,2881
1117,rogerclemens,0,2937
1118,vitorbelfort,0,2749
1119,ReggieEvans30,0,2785
1120,elw119,0,383
1121,GavinNewsom,0,3398
1122,freddurst,0,3011
1123,jennygzhang,0,631
1124,Coolio,0,2801
1125,YesYoureSexist,0,1613
1126,Julie_LGreen,0,2646
1127,bhanu_rvd,0,2160
1128,questlove,0,3236
1129,keaneofficial,0,3009
1130,moulitweete,0,1995
1131,saramafzal,0,2832
1132,BenWrightATL,0,3128
1133,BrittProvost,0,1169
1134,varunpostpickle,0,597
1135,notquitefrodo,0,1719
1136,leeticia_G,0,2862
1137,wizkhalifa,0,2982
1138,shawnnamusic,0,2967
1139,lakeographer,0,1657
1140,abhi_rathi88,0,137
1141,fahmed92,0,2325
1142,aplusk,0,3004
1143,ravitejavarma_m,0,2114
1144,NYUWasserman,0,2851
1145,jakeborge,0,648
1146,naihadmohan,0,2551
1147,DJPROSTYLE,0,2978
1148,MikeBloomberg,0,3109
1149,joeyallen28,0,2070
1150,francescadani,0,2920
1151,tushar141990,0,2849
1152,KevinHart4real,0,2954
1153,Efr1m,0,1403
1154,Jupedrita,0,2667
1155,WillRowan3,0,1246
1156,burtherman,0,3513
1157,jessicaalba,0,2691
1158,KrisAllen,0,2844
1159,thebeatles,0,2930
1160,Adele,0,2413
1161,AliGPincus,0,2193
1162,Carol1_Freitas,0,2107
1163,AaronRodgers12,0,2556
1164,igottwiter,0,2847
1165,carrieanninaba,0,2830
1166,TencentCorp,0,1532
1167,SrizanKozu,0,342
1168,TheBigFatTechie,0,199
1169,sherwood,0,2928
1170,PlayboyMic,0,2941
1171,kingsthings,0,2957
1172,WHOSTP44,0,2909
1173,parislemon,0,2546
1174,realDennisLynch,0,511
1175,ericschmidt,0,2684
1176,ThaboSefolosha,0,2942
1177,JordinSparks,0,2994
1178,drfeifei,0,2557
1179,thescript,0,3301
1180,adultmomband,0,2957
1181,dallasleebridge,0,1015
1182,larissawandame,0,1900
1183,MirandaCosgrove,0,2938
1184,PaulBrounMD,0,3011
1185,myspacetom,0,3657
1186,jborrel00,0,1455
1187,Om1prakash,0,1553
1188,realDonaldTrump,0,2943
1189,evanspiegel,0,2296
1190,DrowningPool,0,3636
1191,LeooooFerreira,0,2400
1192,mariamenounos,0,2922
1193,lessig,0,3396
1194,SkyeTunes,0,2951
1195,DeRayDavis,0,2892
1196,SivaNagarjuna14,0,94
1197,jessicanaziri,0,2949
1198,ShashiTharoor,0,2945
1199,WaryJT2,0,415
1200,Vleeties,0,2893
1201,kaiquegamela20,0,1353
1202,nyubridge100,0,60
1203,Mehul_27,0,2581
1204,LauraPausini,0,2774
1205,SaraBareilles,0,3609
1206,phil_hellmuth,0,3034
1207,JinghaoLu,0,2413
1208,SHAQ,0,3063
1209,paparoach,0,3242
1210,SmallWonderBand,0,1441
1211,ID_AA_Carmack,0,2436
1212,JuraBaran,0,120
1213,georgelopez,0,2847
1214,suryad26,0,2880
1215,VinceGreen53,0,201
1216,DeathBot9,0,2837
1217,livestrong,0,3135
1218,robledorodrigo8,0,381
1219,thetanmay,0,3315
1220,e_kaspersky,0,2157
1221,TimoteoPRogers,0,446
1222,cmlasa,0,2853
1223,slippytrumpet,0,739
1224,Vivek_Mehta_,0,1872
1225,SeanKingston,0,2951
1226,Akkuhere,0,671
1227,ciara,0,2925
1228,tim_cook,0,1346
1229,funghoulI,0,806
1230,VictoriasSecret,0,3133
1231,ilyaf,0,3310
1232,leooherrera,0,2233
1233,eh_services,0,1373
1234,charitywater,0,2935
1235,clippersteveb,0,955
1236,140CharsReview,0,1082
1237,petewentz,0,3129
1238,rrr_yaga,0,1809
1239,st_vincent,0,3019
1240,aliciakeys,0,2905
1241,EYJr,0,2705
1242,MateenYasin,0,2156
1243,AdrienneBailon,0,2967
1244,meiko,0,3139
1245,Schofe,0,3007
1246,FBI,0,3056
1247,nytimes,0,3690
1248,andersoncooper,0,3209
1249,mshansoyung,0,2346
1250,Antwanmclean2,0,33
1251,JessicaGottlieb,0,3202
1252,BOTLibrary,0,2339
1253,DataCorpLTD,0,1268
1254,rikardsteiber,0,2652
1255,hexa_tech,0,477
1256,robbiewilliams,0,2780
1257,safiyyahn,0,2410
1258,terrellowens,0,2949
1259,attibalazs,0,3255
1260,kaj33,0,2895
1261,lilychumley,0,1982
1262,AFI,0,3004
1263,jimmykimmel,0,2938
1264,ulat_bulu_bulu,0,1117
1265,kcjohnson9,0,2713
1266,KeionBennett1,0,30
1267,Tatyana_vel,0,2129
1268,BlondieOfficial,0,2839
1269,PSOE,0,2843
1270,ThihOliveira,0,2765
1271,ManuDayan,0,1825
1272,LAAF,0,2160
1273,GordonKljestan,0,2928
1274,rpavlovD,0,123
1275,conchoss,0,1259
1276,RiskyBusinessMB,0,2960
1277,AdamSchefter,0,2842
1278,Waxmice,0,1240
1279,MeghanMcCain,0,2954
1280,MarlonWayans,0,2944
1281,naumanminhas91,0,2184
1282,c11ro,0,2827
1283,bubbawatson,0,2761
1284,Maheshbhupathi,0,2820
1285,thecoppergirl,0,2601
1286,IAmAnushka,0,2878
1287,nikilanik,0,3231
1288,30SECONDSTOMARS,0,2975
1289,Pink,0,2926
1290,iansomerhalder,0,2820
1291,kennysule,0,3042
1292,KDTrey5,0,2902
1293,NYU_OGS,0,1899
1294,heyitsfranklin2,0,2300
1295,_pahh,0,2975
1296,itsfreedomlayag,0,2688
1297,Shinedown,0,2937
1298,AlexanderNoyes,0,2962
1299,TrentVessel7,0,1968
1300,NelCoetzee,0,2894
1301,s_vakarchuk,0,2735
1302,juliehdavis,0,2277
1303,nodoubt,0,2928
1304,GrahamMcNeill,0,2832
1305,FreddyAdu,0,2892
1306,SophieT,0,2656
1307,adriancrosby371,0,28
1308,agequake,0,2291
1309,jasonderulo,0,2929
1310,Patri_Killjoy,0,2284
1311,beastieboys,0,2984
1312,Lilly17254,0,27
1313,TherealTaraji,0,2725
1314,benkweller,0,3227
1315,FuthumT,0,1970
1316,mimuine,0,980
1317,T0N0N,0,3056
1318,mashable,0,3680
1319,malco_sugastti,0,2656
1320,kv_karthik,0,2775
1321,simonpolrot,0,423
1322,johnwoodRTR,0,2757
1323,jstanfordtulsa,0,2738
1324,Wild_Programmer,0,295
1325,ConanOBrien,0,2606
1326,algore,0,3074
1327,Octavia_Agnes,0,2914
1328,fintechcoach,0,577
1329,claryssasantana,0,2089
1330,SnoopDogg,0,3662
1331,FretboardNomad,0,1680
1332,Pika34593419,0,1123
1333,yokoono,0,3054
1334,itsimanjordan,0,3376
1335,SarahPalinUSA,0,2794
1336,Gahlaut_Rajput,0,955
1337,badbanana,0,3688
1338,TWooodley,0,2623
1339,ColinDaileda,0,2494
1340,Weezer,0,3102
1341,meerbaz,0,2515
1342,Jason,0,3898
1343,khakwani16,0,1556
1344,WeAreTheUsed,0,3312
1345,pentametron,0,1859
1346,EtsukoRoten8871,0,2013
1347,sapwnss,0,1955
1348,rwbrown84,0,3204
1349,TheMuffinMan_07,0,2078
1350,jonrafman,0,3025
1351,AngelaAhrendts,0,2551
1352,wmbeer,0,2848
1353,Phil_Coutinho,0,2892
1354,anktrhla,0,2600
1355,megwagner,0,2461
1356,payodsoni,0,2937
1357,operationsmile,0,2997
1358,httpdefsouls,0,2689
1359,m54715303,0,29
1360,sarakipin,0,117
1361,kylewreid,0,2116
1362,serafinowicz,0,3013
1363,LucG99,0,36
1364,lenadunham,0,2916
1365,edhornick,0,2783
1366,kimgenevieve,0,2804
1367,mitchbarwick,0,2549
1368,Mike_Rann,0,2972
1369,stephenfry,0,3189
1370,imtheMDP,0,2866
1371,asuzsy,0,52
1372,KhunNuOh,0,2514
1373,Rajesh242Rajesh,0,1738
1374,Underviewed,0,941
1375,jk_rowling,0,2805
1376,4AliAce,0,504
1377,HillaryClinton,0,1460
1378,Danmasseli2,0,2169
1379,nirdosa,0,1533
1380,beacure,0,1996
1381,maxkeiser,0,2981
1382,sdxtech,0,1975
1383,JBARsodmg,0,3037
1384,aneesh_k,0,2859
1385,BIGPitchAward,0,107
1386,ancient_rainbow,0,2916
1387,brett1211,0,3435
1388,Leander,0,1734
1389,SirKate,0,805
1390,milk,0,2517
1391,Billlyyx,0,750
1392,stevejang,0,3331
1393,AvnishS00673526,0,26
1394,crystaltamar,0,2838
1395,dermot100,0,2979
1396,CARE,0,3094
1397,nehapai,0,2849
1398,blue_tracks,0,3168
1399,MassGovernor,0,3041
1400,shiftyz,0,3119
1401,larsrosenquist,0,2590
1402,DjWuchi,0,2426
1403,EaterNY,0,3444
1404,AkshayaPatraUSA,0,2858
1405,madanrajpoot,0,2507
1406,kaitlynbharris,0,1055
1407,DWJensen63,0,1653
1408,ZunchenH,0,933
1409,cellsmile,0,1885
1410,prettyomatic,0,2130
1411,Bigdaou,0,2479
1412,aamir_khan,0,2706
1413,Cristiano,0,2490
1414,Arubin,0,2381
1415,timoreilly,0,3665
1416,HankAzaria,0,2711
1417,solangeknowles,0,3025
1418,Sanchita_Gulati,0,1714
1419,jimmyc20,0,2356
1420,arthur_spirling,0,466
1421,NamRonata,0,1887
1422,9999999KM,0,2115
1423,octavianasr,0,3271
1424,MoixaTechnology,0,653
1425,RiotJaredan,0,2588
1426,iamsrk,0,2653
1427,rebeccahiscott,0,2611
1428,myfabolouslife,0,2970
1429,LipComarella,0,1600
1430,yummertime,0,1353
1431,Janina,0,3794
1432,tbrady14,0,1884
1433,rquintini,0,2564
1434,NYU_RaB,0,32
1435,petersmeg,0,2864
1436,UniqueDima,0,1323
1437,robinthicke,0,3608
1438,DaniellaMonet,0,2954
1439,g33kbeast,0,2301
1440,BiaCPoli,0,2340
1441,JenniferPreston,0,2896
1442,markschlereth,0,2879
1443,ShreyaBallal,0,1009
1444,shawnieora,0,2913
1445,gbanin,0,2347
1446,Narutogame_Info,0,1107
1447,CharlieDavies9,0,2848
1448,serenawilliams,0,2936
1449,SpiderAnderson,0,2257
1450,QueensNRI,0,675
1451,lisa_amon,0,2752
1452,CoryBooker,0,3162
1453,KristinaShannon,0,2955
1454,AmishFarmHouse,0,1010
1455,jalammar,0,3229
1456,GOOGLEPAGE11,0,69
1457,ninefortyfive,0,2560
1458,Maahzi,0,2882
1459,sull,0,3677
1460,BDUTT,0,2987
1461,ActuallyNPH,0,2700
1462,tin_vamsi,0,393
1463,skibluemountain,0,3007
1464,lijiali_vision,0,2393
1465,trocadelivros,0,2943
1466,randizuckerberg,0,3314
1467,jamesmaslow,0,2779
1468,SimplyAJ10,0,2830
1469,tarasz93,0,1980
1470,ashleytisdale,0,3038
1471,RosaAmericana,0,2310
1472,IAmJeffEmmerson,0,1488
1473,ClaireRightHere,0,1115
1474,wasif91,0,2100
1475,wandinhoalves,0,2286
1476,latimesmuskal,0,2971
1477,POTUS,0,78
1478,613_Jason,0,1881
1479,Crazistaan,0,2835
1480,DeportMalkin,0,1829
1481,StateDept,0,3455
1482,amandasegond,0,2246
1483,FGaryGray,0,2950
1484,KirkCousins8,0,2038
1485,alinecsx30,0,1835
1486,cornxaxier,0,2634
1487,ranjit,0,3704
1488,TheMrJuanBrown,0,1052
1489,NSA_PRISMbot,0,1385
1490,eriktorenberg,0,1407
1491,jessicamtz29,0,1698
1492,JaredLeto,0,2931
1493,Frreshsamantha,0,2926
1494,thisismetis,0,1219
1495,RoomtoRead,0,2797
1496,jonas_ent,0,2947
1497,LarryNoble_DC,0,1706
1498,abhinavy2j,0,2529
1499,howiemandel,0,2836
1500,TiaCarrere,0,2881
1501,KevinChinARO,0,64
1502,ToddBrunson,0,2915
1503,emmajs16,0,1491
1504,hosealiu1990,0,1648
1505,amaquinanaweb,0,1965
1506,wingoz,0,2915
1507,katrina_tester,0,1372
1508,cypresshill,0,2851
1509,MichelleDBeadle,0,2838
1510,LilJon,0,2999
1511,RadarEaD,0,1440
1512,yayitsrob,0,3665
1513,rajesh_220993,0,2344
1514,mamstalden,0,2419
1515,sobeksull,0,2266
1516,AutomateEu,0,37
1517,picasa2,0,2928
1518,jerffersongat,0,2197
1519,JeffreeStar,0,3032
1520,XabiAlonso,0,2416
1521,Juh_Honda,0,2843
1522,begspoker,0,2823
1523,russwest44,0,2902
1524,AlefSanderson,0,1946
1525,mjesusgz,0,1204
1526,orebob1,0,2335
1527,LanceUlanoff,0,3673
1528,KatieS,0,2684
1529,randyjackson8,0,2733
1530,slexander_coys,0,914
1531,tonyparker,0,2743
1532,Saliva,0,2929
1533,WarrenSapp,0,2907
1534,statementartist,0,1225
1535,AmitabhBachan,0,2955
1536,marieantuns,0,1775
1537,KSMofficial,0,3092
1538,robkardashian,0,2929
1539,AMadumoole,0,2671
1540,miel,0,1904
1541,JeffBezos,0,3183
1542,marionraven,0,2948
1543,LeoDiCaprio,0,2548
1544,AshleyMGreene,0,2782
1545,MichelleObama,0,1976
1546,KapilSharmaK9,0,1400
1547,michaelcrowley,0,2713
1548,KananGill,0,1627
1549,timarmstrongaol,0,2651
1550,BBCBreaking,0,3639
1551,Miv4t_,0,464
1552,anagaal,0,2508
1553,palo_jesse,0,1824
1554,jamesafalk,0,2294
1555,HHShkMohd,0,2866
1556,jem,0,2740
1557,Leo_Tweets,0,2129
1558,leonthomas,0,2946
1559,DSI_Columbia,0,1528
1560,Molly_Horan,0,2901
1561,Andy_Bloch,0,2932
1562,alex_jeanmonod,0,1287
1563,arunchaluvadhi,0,1061
1564,sadB0T,0,1795
1565,druidDUDE,0,2950
1566,dibbsiapp,0,1042
1567,knowkenny,0,1455
1568,leozpf,0,2445
1569,Siwan_ZEA,0,1921
1570,LeeRecioy,0,1107
1571,mahflaibam,0,2633
1572,brianstelter,0,3271
1573,Padmasree,0,3224
1574,Sia,0,2952
1575,Ziyansha,0,1535
1576,marissamayer,0,3061
1577,MariaSharapova,0,2174
1578,Phoebus_Ji,0,2585
1579,paulinhohopp,0,2306
1580,SteveAustria,0,2976
1581,annie_guerra,0,2734
1582,paolitagdiaz,0,2460
1583,feliciaday,0,3538
1584,AndersFoghR,0,2805
1585,mcflyjrmartin,0,2275
1586,delben29,0,2684
1587,khoi,0,3763
1588,uncarvedblock64,0,727
1589,xhckr,0,2908
1590,Tahj_Mowry,0,2914
1591,scott_bot,0,3166
1592,vedang_singh,0,1635
1593,JoolianGarcia,0,2359
1594,michaelianblack,0,2972
1595,tatatessari,0,2790
1596,jeremypiven,0,2983
1597,ionekr,0,2904
1598,YO_RANDYJACKSON,0,2838
1599,Gustfernandes__,0,2270
1600,Juicy_JessieG,0,2138
1601,GelaFridman,0,2379
1602,Stanford,0,3040
1603,frillneck,0,2965
1604,linadbg,0,942
1605,Shawndafut,0,1966
1606,meadowgroove,0,2972
1607,FreeSol,0,2944
1608,rbvaughan,0,2280
1609,julibrant,0,2609
1610,cory_arcangel,0,2896
1611,DeathToCambria,0,2479
1612,bradcdata,0,178
1613,rabovitz,0,944
1614,whamsy,0,2606
1615,kvlebcobb,0,689
1616,happyB0T,0,1796
1617,taylorswift13,0,3045
1618,namie98,0,2843
1619,CinemaPaulinia,0,2823
1620,jettheband,0,2868
1621,ethansure,0,1944
1622,austinGMAT,0,2337
1623,_whoisjohn,0,1047
1624,Matt_LeBlanc,0,501
1625,MaryBonoUSA,0,2993
1626,genesimmons,0,3279
1627,AlvaroGarnero,0,2940
1628,BEugeneSmith,0,2193
1629,RODRIGOMARINP,0,2786
1630,nightsailer,0,2662
1631,DerrenBrown,0,2941
1632,sundarpichai,0,3314
1633,jamiecullum,0,3197
1634,narendramodi,0,3010
1635,momocj,0,3017
1636,JameYu7,0,33
1637,Residente,0,2889
1638,cameronbright,0,2882
1639,eva_recinos,0,2108
1640,Paula_Deen,0,3242
1641,MatthewDaddona,0,2461
1642,CameronNewton,0,2244
1643,umar_burney,0,2216
1644,jennykijowski,0,1215
1645,Shoham_11,0,2047
1646,anthonyedwards,0,2730
1647,kayivelisse,0,2273
1648,lights,0,3137
1649,sachin_rt,0,2544
1650,RyanSeacrest,0,3134
1651,AdamAWanderer,0,2961
1652,voiceofskyler,0,609
1653,Kenny_Mayne,0,2935
1654,catherinedwyer,0,2969
1655,Mc_Driver,0,2920
1656,IzzieStark99,0,2381
1657,ilkinhasanov89,0,1871
1658,CharlizeAfrica,0,2768
1659,Rugvds,0,1301
1660,ScottStapp,0,2967
1661,JoeSpeeds,0,2292
1662,Daniel_Chase_,0,218
1663,sukiebearz,0,2315
1664,megananomous,0,2913
1665,yezhang86,0,2519
1666,CoryTV,0,2241
1667,NateDiaz209,0,2840
1668,paqman13,0,2353
1669,dfjsteve,0,2573
1670,forehandloop,0,2655
1671,KishoreGSundar,0,2938
1672,richeisen,0,2907
1673,Games4Lyf2,0,227
1674,SammieAlways,0,2939
1675,menakaonline,0,2755
1676,bookstylist,0,2774
1677,carlosbeltran15,0,2749
1678,doscareers,0,2964
1679,TheJohnAbraham,0,1606
1680,CMPunk,0,2431
1681,SugarcultMarko,0,2955
1682,ronanmylove,0,2592
1683,jhouss_,0,2384
1684,ChrisGorham,0,2894
1685,JKCorden,0,2336
1686,kevinrose,0,3733
1687,michamoore,0,2888
1688,CharmCityDevils,0,2913
1689,taylorpfreeman,0,2475
1690,pierre,0,3717
1691,christianbok,0,2997
1692,aronyniqi1234,0,193
1693,tonibraxton,0,3036
1694,jimjonescapo,0,2965
1695,gummatt,0,2262
1696,asuka111,0,2992
1697,NSaina,0,1509
1698,ni9026,0,1580
1699,jk_rowling,0,2805
1700,DeleuzeGuattari,0,3165
1701,nvpatil123,0,2669
1702,hoIIybassett,0,2341
1703,cihpom,0,465
1704,benparr,0,3407
1705,JessicaBurciaga,0,2966
1706,VerneTroyer,0,2932
1707,susan_temple,0,2075
1708,aerialloos,0,1711
1709,ne3na,0,2886
1710,howardhlederer,0,2927
1711,DanielSturridge,0,2213
1712,mathmoreo,0,390
1713,carinahsieh,0,1787
1714,VerticalHorizon,0,2906
1715,thelittleidiot,0,3274
1716,balof2001,0,1124
1717,BachusAL06,0,2747
1718,johnlegend,0,3032
1719,britneyspears,0,3120
1720,john_mwood,0,2319
1721,mickokka,0,2761
1722,donttrythis,0,3174
1723,Maestro,0,3042
1724,isatomazini,0,2844
1725,fpfaffenm,0,2826
1726,liamdacey,0,1981
1727,midlifemason,0,204
1728,TonyWasHere___,0,2925
1729,intel,0,3663
1730,hacktheban,0,65
1731,Mgroffenberger,0,2986
1732,mark_on_task,0,2326
1733,GameOfThrones,0,2424
1734,souljaboy,0,3095
1735,Davidcapuano4,0,327
1736,TPAIN,0,2929
1737,katevoegele,0,3014
1738,VeraGeBa,0,888
1739,NathanPacheco,0,2884
1740,MayorSlay,0,3125
1741,respranabiz,0,50
1742,stopcontinues,0,3306
1743,philosopherkang,0,502
1744,realmadrid,0,3243
1745,PepeAguilar,0,2942
1746,ReggieBush,0,2804
1747,JustinTrudeau,0,3296
1748,Stroke9,0,2983
1749,DJ44,0,779
1750,BarackObama,0,3686
1751,Janea00,0,2892
1752,EmilyOsment,0,2970
1753,tomhanks,0,2845
1754,krishnasaini16,0,2279
1755,WendiannaJonez,0,1191
1756,KCucchia,0,706
1757,LarsLuv,0,1953
1758,LiquidNewsroom,1,2999
1759,SavedYouAClick,0,1068
1760,taychilders,0,2809
1761,AubreyODay,0,3247
1762,GenerateACat,0,1052
1763,MsLaurenLondon,0,2921
1764,abhishek_shetty,0,2830
1765,jeslyncat,0,2846
1766,busaao,0,2253
1767,EmmaWatson,0,2459
1768,Olivia73520999,0,872
1769,amaditalks,0,2955
1770,Maisie_Williams,0,2651
1771,gaGunNarang,0,1701
1772,Eve6,0,3042
1773,naveen_kondam,0,495
1774,arthchan2003,0,2751
1775,amyschumer,0,2830
1776,VitalikButerin,0,2162
1777,TalhaSabri1,0,1501
1778,Global_Derivs,0,2222
1779,katyperry,0,2968
1780,kfusion13,0,1947
1781,lucascanto96,0,1633
1782,Lionel_Messi,0,3062
1783,jerrytrainor,0,3278
1784,nasnog,0,2740
1785,fishtale13,0,2920
1786,TWWiFi,0,960
1787,Im_Just_Chloe,0,2917
1788,eucopresident,0,2382
1789,JayKimLaFlare,0,2234
1790,shannonleetweed,0,2909
1791,LizGillies,0,2900
1792,imVkohli,0,2774
1793,MarkBoardmanArt,0,1904
1794,AnkurMa10500490,0,202
1795,Phillyfreezer,0,3036
1796,adropboxspace,0,1489
1797,lucidbluedream,0,2577
1798,DjokerNole,0,2228
1799,Enrique_alv,0,2638
1800,guillermomayuri,0,2876
1801,azuzephre,0,3186
1802,LeeNguyen24,0,2829
1803,Nicole_Murphy,0,2858
1804,ProjectSeagrass,0,1417
1805,_lusantiago,0,2785
1806,9GAG,0,3111
1807,Xavier_Drummer,0,2836
1808,aayucrazy,0,1578
1809,AnnieDuke,0,2947
1810,RealJamesMc1960,0,181
1811,DeptVetAffairs,0,2748
1812,RitterCarolyn,0,1888
1813,GrasslandsMusic,0,1569
1814,sai88848,0,385
1815,elonmusk,0,2867
1816,arjitsingh2454,0,841
1817,bisping,0,2834
1818,spiderblogg,0,1761
1819,itstayloryall,0,2959
1820,coldplay,0,3009
1821,UncleRUSH,0,2943
1822,ArvindKejriwal,0,1981
1823,ArmandTweets,0,2989
1824,JLo,0,2720
1825,OfficialSisQo,0,2906
1826,mattdusk,0,2784
1827,MattGrosack,0,2380
1828,stuholden,0,2932
1829,Ljimenez09,0,2266
1830,Erik_Seidel,0,2894
1831,RepKevinBrady,0,2987
1832,jaysean,0,2992
1833,geoffreyamoore,0,2101
1834,htp_Disordia,0,1268
1835,EderFranco_Gt,0,2812
1836,LizHernandez,0,2994
1837,RhiannonSL,0,3685
1838,AlecJRoss,0,2733
1839,jensstoltenberg,0,2976
1840,davidplouffe,0,1537
1841,scifiwords,0,1159
1842,johnrampton,0,2753
1843,selenagomez,0,2952
1844,MominaMustehsan,0,2543
1845,the_underquoted,0,1527
1846,jpmontoya,0,2972
1847,HemaVM,0,391
1848,AnuKumarPatel1,0,76
1849,kerianngala,0,414
1850,ysaraf,0,3213
1851,habibrkhan,0,2296
1852,lilyallen,0,3085
1853,azizansari,0,3600
1854,JJ_Lin,0,2941
1855,bcsing29,0,1937
1856,RoeConn,0,2814
1857,TravisCrandell,0,1647
1858,HubBucket,0,964
1859,Axelcarp230,0,1533
1860,CarlyFiorina,0,2794
1861,duttypaul,0,2726
1862,hardwick,0,3173
1863,julianperretta,0,2987
1864,TakeoSpikes51,0,2871
1865,adityacdurai,0,1551
1866,aninhaoquadrado,0,2620
1867,gunt3001,0,2783
1868,mitchelmusso,0,2954
1869,nicovega,0,3236
1870,tinathegr8est,0,2268
1871,EvanderWorland,0,2219
1872,RepGusBilirakis,0,2938
1873,KoopaTroopa37,0,1111
1874,kelseyylittle,0,1809
1875,emilybkaufman,0,2037
1876,TeamLou23,0,2806
1877,jeff_green22,0,2751
1878,thesweetmystery,0,1953
1879,julianobelletti,0,2825
1880,D_Rock748,0,72
1881,thekillers,0,2992
1882,SebastianThrun,0,2123
1883,jenntejada,0,2740
1884,donni,0,3650
1885,jonathanporte19,0,1621
1886,chrisamv,0,2847
1887,showerscum,0,184
1888,Vignesh_6v,0,1861
1889,HeidiRoizen,0,1792
1890,pastorkiko,0,2221
1891,TonyBesson,0,2864
1892,letrasfrutosagr,0,2057
1893,RodriguezJack,0,2841
1894,WorldSummitAI,0,198
1895,khloekardashian,0,2912
1896,atzblogs,0,2163
1897,RudyGay8,0,2897
1898,jrich23,0,3022
1899,GhelaBoskovich,0,1789
1900,RED,0,3119
1901,Jacklynyan,0,1100
1902,MCHammer,0,3607
1903,anupamachopra,0,2619
1904,Nicolas08ME,0,1800
1905,ArtEiji,0,1383
1906,paulocoelho,0,3635
1907,lorenarojas,0,2876
1908,Mansursinho,0,2456
1909,Mickhodgkin,0,2669
1910,tomgreenlive,0,3019
1911,alanna,0,2917
1912,SciTechRangers,0,2813
1913,racheltabora,0,190
1914,ppleonasmo,0,2346
1915,iurimatias,0,2934
1916,acvinal,0,2069
1917,TaylorMarieHill,0,2160
1918,gabbileal1,0,1561
1919,UzairKK,0,2885
1920,grantimahara,0,2927
1921,MMRAW,0,2901
1922,superrnaturalfa,0,78
1923,MileyCyrus,0,2213
1924,_Walter2011,0,2079
1925,TechCrunch,0,3685
1926,brngnr,0,2844
1927,RunningManTown,0,1614
1928,TonyFergusonXT,0,2218
1929,JohnBoozman,0,3634
1930,passosjoao2011,0,2001
1931,dushyanthram,0,1613
1932,belovedtruth1,0,164
1933,jtimberlake,0,2936
1934,annieepark,0,2827
1935,chasely,0,3046
1936,dawnhamilton811,0,178
1937,AmIRiteBot,1,1397
1938,NeilRobertson21,0,1673
1939,ssdai,0,2979
1940,engsgp,0,2136
1941,DJWhooKid,0,2895
1942,NeveraDought,0,2364
1943,Amirrozzo,0,2489
1944,Mandy_Nobre,0,2552
1945,RedHourBen,0,2806
1946,AdrianPeterson,0,2941
1947,EricHutchinson,0,3098
1948,LeftAtLondon,0,1003
1949,TheSwaggaCity,0,1512
1950,Sidsector9,0,2737
1951,PawanKalyan,0,973
1952,Halsey_Minor,0,525
1953,AmadorVelasquez,0,2955
1954,30_dias,0,2159
1955,behindwoods,0,2898
1956,typicalgirlname,0,1504
1957,RosaineBarros,0,2398
1958,_mayf,0,2372
1959,FCSLlightning,0,2206
1960,SteveCase,0,3590
1961,TravieMcCoy,0,2889
1962,JoeySantiago,0,2970
1963,MirzaSania,0,2713
1964,james_a_michael,0,2901
1965,DeannaGreen51,0,1787
1966,iamsana_afreen,0,373
1967,Bearmod,0,2820
1968,scottmcnealy,0,2186
1969,acrohub,0,150
1970,ImRaina,0,2588
1971,HeySamantha,0,2368
1972,syntacticfoam,0,55
1973,didericksen,0,2703
1974,FireEmblemJP,0,870
1975,hassi107,0,1772
1976,katiemarielin,0,76
1977,UnitedWarVets,0,2333
1978,JuulioLimoli,0,2467
1979,wisedollar,0,1556
1980,alyankovic,0,2959
1981,MediaJonKlein,0,3147
1982,britlyn_leigh,0,832
1983,Hanna_Denea,0,1843
1984,lindsaylohan,0,2792
1985,kevinscampoli,0,3348
1986,henrymcmaster,0,3125
1987,1191Rivas,0,1306
1988,vickyyyy_k,0,2476
1989,collinmathilde,0,2608
1990,joycekhanuja,0,2678
1991,R_CNO,0,2283
1992,sarah_shewell,0,509
1993,Kaiser_1917,0,135
1994,evanildorodrigu,0,2351
1995,yunacornmeat,0,614
1996,JuMToledo,0,1169
1997,LennyKravitz,0,2955
1998,ShaunPhillips95,0,2926
1999,varunsrinivassr,0,1089
2000,nyupb,0,2430
2001,nickdiaz209,0,2873
2002,StephenAtHome,0,3126
2003,KeriHilson,0,2936
2004,caroliv3,0,2102
2005,kathygriffin,0,2971
2006,LucianoBurti,0,2844
2007,svgeesus,0,2565
2008,pdlight,0,2423
2009,shonta_semit,0,26
2010,MikhailJacob,0,2041
2011,thejohnnynemo,0,2820
2012,nacho2100,0,2829
2013,wavesharing,0,398
2014,theroser,0,3113
2015,maspqnick,0,2159
2016,DangeRussWilson,0,1862
2017,caca_carlinha,0,2778
2018,thehitwoman,0,2934
2019,BlairUnderwood,0,2993
2020,pranavperfect,0,2674
2021,bjork,0,3522
2022,profnote,0,816
2023,briansolis,0,3808
2024,THELASTVEGAS,0,2948
2025,film_girl,0,3445
2026,melindagates,0,2473
2027,sterdw,0,547
2028,stephenjcannell,0,2843
2029,GaabyCremasco,0,2084
2030,JDayral,0,714
2031,carol_morandin,0,2182
2032,sameerh617,0,1788
2033,maryrega47,0,1255
2034,ParisHilton,0,2944
2035,NickHexum,0,2949
2036,RM_Foundation,0,2711
2037,mortreport,0,2926
2038,weijmarshausen,0,2851
2039,tomwaits,0,2713
2040,thebridgebk,0,73
2041,TheNotoriousMMA,0,2040
2042,ubaldohcamposjr,0,999
2043,sixohsix,0,3291
2044,KeiraHenninger,0,2705
2045,SarahBrownUK,0,2940
2046,kevindway,0,2777
2047,snaglee2401,0,435
2048,connersherline,0,2796
2049,themichellewie,0,2878
2050,harshimau,0,1486
2051,Abu_Turab_Suri,0,990
2052,tonyromo,0,3270
2053,BennyHarlem,0,2936
2054,ashleyokwuosa,0,2417
2055,adamostrow,0,3629
2056,Heidi33Tigressa,0,82
2057,OTG_Locksmith,0,268
2058,SteveOvisioN,0,2831
2059,flawlessness101,0,645
2060,UrviBhuwania,0,2853
2061,rogerfederer,0,1460
2062,cristinesteh,0,2892
2063,litivelli_,0,2802
2064,NikunjKyal,0,2132
2065,Greg,0,3506
2066,MCRofficial,0,2706
2067,vaibhav078,0,1856
2068,NathanBenaich,0,1959
2069,StephenColletti,0,2739
2070,sidzekrom,0,1967
2071,MauriceEdu,0,2841
2072,NYUADstartAD,0,213
2073,nnnahnibor,0,2919
2074,dashboardmusic,0,3102
2075,shabazzybaz,0,375
2076,HeeyIsaaah,0,2090
2077,Pamela_Brunson,0,2898
2078,JoeHockey,0,3014
2079,zacf_129979472,0,2914
2080,Nicoolz,0,2789
2081,AlolanMeowth,0,2890
2082,alexanderljung,0,3904
2083,Chikisarkar,0,2941
2084,theCake,0,2989
2085,EstagiareSP,0,1847
2086,CPonceActual,0,2248
2087,PMbschandra,0,65
2088,garbo_smash,0,954
2089,feapfaffma,0,1542
2090,lianghai,0,3190
2091,NICQUEENCOLE,0,2951
2092,mbilik_,0,354
2093,MuhammadZach7,0,114
2094,TichaPenicheiro,0,2939
2095,R_Khanna,0,2834
2096,ParineetiChopra,0,2909
2097,lohhuixin,0,1543
2098,IshitaMukishi,0,955
2099,showbufire,0,2500
2100,rameshchitor,0,2903
2101,smarbusinesss,0,2348
2102,aprctrubin,0,1343
2103,NBCF,0,3099
2104,stephanjenkins,0,3047
2105,belizhazan,0,2668
2106,williecolon,0,2856
2107,MrBlackFrancis,0,2928
2108,uzmani90,0,1179
2109,RoyBlunt,0,2970
2110,andrewrchow,0,1739
2111,felipee_moraes,0,2495
2112,duynguyenuw,0,1148
2113,Lereza7,0,2101
2114,CodeInBlack,0,43
2115,willianborges88,0,2137
2116,BrandonTGraham,0,2021
2117,adorasv,0,2909
2118,Orenets,0,2372
2119,Tron1993,0,1532
2120,gcolucci,0,2576
2121,mayaacarvalho,0,2395
2122,BillCosby,0,2831
2123,instabatt_en,0,510
2124,matteostanzani,0,2923
2125,KimKardashian,0,2942
2126,MarcBElias,0,2265
2127,janantissocial,0,2857
2128,CDCemergency,0,2992
2129,RealDMitchell,0,3008
2130,ishanbyotra,0,2839
2131,chadvelezzzzz,0,31
2132,KAKA,0,2811
2133,ChelseaVogt2,0,1186
2134,adeoressi,0,2550
2135,JozyAltidore,0,2908
2136,JTLonsdale,0,2547
2137,_SamanthaDean,0,2634
2138,Wendelllacerda,0,2313
2139,bliss_tyler12,0,1693
2140,greshambarrett,0,3180
2141,repiato,0,2643
2142,PeterHamby,0,3641
2143,martinamcbride,0,3276
2144,AllTimeLow,0,2583
2145,f_jubs,0,2804
2146,ubuweb,0,2890
2147,julioafa5174,0,2193
2148,SujithArram,0,2167
2149,DanicaPatrick,0,2970
2150,JohnCena,0,2527
2151,AliGal022,0,756
2152,smritiirani,0,2559
2153,mydatalake,0,59
2154,plazaportland,0,863
2155,Nagendr64351037,0,28
2156,MillaJovovich,0,2716
2157,cocolee117,0,2909
2158,NathanFillion,0,2915
2159,TheRealStanLee,0,2795
2160,GeneP4rmes4n,0,2288
2161,EdwardNorton,0,2805
2162,KeithUrban,0,3250
2163,yogurtmei1989,0,78
2164,EmekaPatrick,0,3160
2165,DJCLUE,0,2945
2166,SrBachchan,0,2517
2167,samia_chares,0,2096
2168,Akemi_prof,0,59
2169,D33PAK_BHASKAR,0,1643
2170,GrowingUpSmith,0,2879
2171,TechnicallyRon,0,2630
2172,chronic,0,2717
2173,jesslivingston,0,2600
2174,UN,0,3310
2175,Duanebray,0,2909
2176,ConsularNotify,0,2847
2177,sorin_dave,0,827
2178,RagovinVentures,0,3382
2179,EliasScane,0,2127
2180,aaronpaul_8,0,2099
2181,nancyodell,0,2978
2182,emmadries,0,2221
2183,justdemi,0,2994
2184,ElshnawayA,0,251
2185,andreacberry,0,2900
2186,StephLizWalden,0,2912
2187,Sharonfeder,0,3384
2188,ashleesimpson,0,2934
2189,NYULMC_IIME,0,1242
2190,Mike_Doughty_,0,3000
2191,MatthewBerryTMR,0,2974
2192,KlankbaanBang,0,1779
2193,neilhimself,0,3025
2194,ikamalhaasan,0,467
2195,howardlindzon,0,3553
2196,Hammie25,0,2497
2197,joaomariante,0,2245
2198,paulg,0,2416
2199,omidkordestani,0,2568
2200,AliBrown,0,3231
2201,DP_57,0,2754
2202,HungryGirl,0,2990
2203,kordeidangerouz,0,582
2204,aliameenrana,0,2564
2205,Zmezzo412,0,1728
2206,murilopolato,0,3152
2207,JudyBiggert,0,2966
2208,achanchani,0,2901
2209,UniquaQ,0,2844
2210,UmairSQureshi,0,2112
2211,whteelephnt,0,2242
2212,Reince45,0,130
2213,Saloni146,0,1113
2214,SophiaFreshness,0,2923
2215,Mariana_m01,0,2006
2216,nflcommish,0,2908
2217,vkhosla,0,2876
2218,FionaSequeira91,0,1936
